,Language,Prediction
6662,Russian,Russian
7362,Italian,Italian
765,English,English
6192,Russian,Russian
562,English,English
6984,Danish,Danish
39,English,English
1597,Malayalam,Malayalam
6202,Russian,Russian
10241,Kannada,Kannada
8889,Sweedish,Sweedish
592,English,English
8283,Turkish,Turkish
1183,English,English
5015,Spanish,Spanish
9581,German,German
543,English,English
883,English,English
35,English,English
3014,Portugeese,Portugeese
8043,Turkish,Turkish
2956,Portugeese,Portugeese
3614,French,French
7913,Turkish,Turkish
9607,German,German
3798,French,French
9506,German,German
6050,Russian,Russian
850,English,English
6983,Danish,Danish
2848,Portugeese,Portugeese
7773,Italian,Italian
2291,Tamil,Tamil
6734,Danish,Danish
2233,Tamil,Tamil
5664,Greek,Greek
8939,Sweedish,Sweedish
7406,Italian,Italian
4802,Dutch,Dutch
952,English,English
487,English,English
3328,French,French
7998,Turkish,Turkish
10211,Kannada,Kannada
3370,French,French
4429,Dutch,Dutch
8737,Sweedish,Sweedish
3139,Portugeese,Spanish
8606,Sweedish,Sweedish
2357,Tamil,Tamil
4075,French,French
1901,Malayalam,Malayalam
1731,Malayalam,Malayalam
6125,Russian,Russian
8186,Turkish,Turkish
33,English,English
8744,Sweedish,Sweedish
6343,Russian,Russian
3438,French,French
8318,Sweedish,Sweedish
3272,French,French
96,English,English
9516,German,German
6194,Russian,Russian
6021,Russian,Russian
2992,Portugeese,Portugeese
8843,Sweedish,Sweedish
3960,French,French
483,English,English
6170,Russian,Russian
10301,Kannada,Kannada
1655,Malayalam,Malayalam
7948,Turkish,Turkish
3281,French,French
5579,Spanish,Spanish
8952,Sweedish,Sweedish
7727,Italian,Italian
2927,Portugeese,Portugeese
8045,Turkish,Turkish
9912,German,German
4375,Dutch,Dutch
3378,French,French
3209,Portugeese,Portugeese
3615,French,French
5595,Spanish,Spanish
450,English,English
251,English,English
4955,Spanish,Spanish
119,English,English
1718,Malayalam,Malayalam
5264,Spanish,Spanish
2691,Portugeese,Portugeese
1472,Malayalam,Malayalam
3931,French,French
6568,Russian,Russian
3063,Portugeese,Portugeese
8594,Sweedish,Sweedish
4032,French,French
3609,French,French
6080,Russian,Russian
5333,Spanish,Spanish
4309,Dutch,Dutch
2127,Tamil,Tamil
1090,English,English
1470,Malayalam,Malayalam
10022,Kannada,Kannada
9169,Arabic,Arabic
5781,Greek,Greek
1076,English,English
4301,Dutch,Dutch
8492,Sweedish,Sweedish
9408,Arabic,Arabic
6083,Russian,Russian
5603,Spanish,Spanish
2894,Portugeese,Portugeese
518,English,English
6847,Danish,Danish
8833,Sweedish,Sweedish
735,English,English
9729,German,German
733,English,English
5314,Spanish,Spanish
6637,Russian,Russian
6223,Russian,Russian
8489,Sweedish,Sweedish
8290,Sweedish,Sweedish
3058,Portugeese,Portugeese
2495,Tamil,Tamil
5860,Greek,Greek
4102,French,English
5936,Greek,Greek
8590,Sweedish,Sweedish
2249,Tamil,Tamil
2982,Portugeese,Portugeese
3208,Portugeese,Portugeese
6176,Russian,Russian
7921,Turkish,Turkish
5226,Spanish,Spanish
1530,Malayalam,Malayalam
3661,French,French
4480,Dutch,Dutch
3989,French,French
4822,Spanish,Spanish
4428,Dutch,Dutch
8087,Turkish,Turkish
3329,French,French
3921,French,French
1121,English,English
2613,Portugeese,Portugeese
9601,German,German
1111,English,English
9355,Arabic,Arabic
10164,Kannada,Kannada
7207,Italian,Italian
9784,German,German
3055,Portugeese,Portugeese
761,English,English
4415,Dutch,Dutch
3936,French,French
8706,Sweedish,Sweedish
937,English,English
1284,English,English
335,English,English
10026,Kannada,Kannada
5152,Spanish,Spanish
2846,Portugeese,Portugeese
6510,Russian,Russian
9362,Arabic,Arabic
6785,Danish,Danish
3149,Portugeese,Portugeese
1188,English,English
311,English,English
8419,Sweedish,Sweedish
2794,Portugeese,Portugeese
5279,Spanish,Spanish
8037,Turkish,Turkish
3470,French,French
532,English,English
4852,Spanish,Spanish
970,English,English
7403,Italian,Italian
7729,Italian,Italian
6161,Russian,Russian
6310,Russian,Russian
668,English,English
3473,French,French
3879,French,French
8432,Sweedish,Sweedish
2615,Portugeese,Portugeese
4148,French,French
1339,English,English
9234,Arabic,Arabic
5159,Spanish,Spanish
5844,Greek,Greek
2935,Portugeese,Portugeese
1662,Malayalam,Malayalam
2303,Tamil,Tamil
590,English,English
6713,Danish,Danish
7289,Italian,Italian
7585,Italian,Italian
10223,Kannada,Kannada
9828,German,German
3543,French,French
4245,French,French
8726,Sweedish,Sweedish
9210,Arabic,Arabic
303,English,English
5467,Spanish,Spanish
4773,Dutch,Dutch
2592,Portugeese,Portugeese
107,English,English
5805,Greek,Greek
565,English,English
2627,Portugeese,Portugeese
8540,Sweedish,Sweedish
9108,Arabic,Arabic
4342,Dutch,Dutch
5836,Greek,Greek
7798,Italian,Italian
9230,Arabic,Arabic
9863,German,German
9527,German,German
9910,German,German
2586,Portugeese,Portugeese
4377,Dutch,Dutch
8168,Turkish,Turkish
5649,Greek,Greek
4607,Dutch,Dutch
9396,Arabic,Arabic
6000,Russian,Russian
2375,Tamil,Tamil
2648,Portugeese,Portugeese
6771,Danish,Danish
3206,Portugeese,Portugeese
9090,Arabic,Arabic
1732,Malayalam,Malayalam
1941,Malayalam,Malayalam
8201,Turkish,Turkish
80,English,English
7990,Turkish,Turkish
8544,Sweedish,Sweedish
9000,Arabic,Arabic
2252,Tamil,Tamil
5833,Greek,Greek
1195,English,English
3263,French,French
3017,Portugeese,Portugeese
7145,Italian,Italian
2183,Tamil,Tamil
4376,Dutch,Dutch
2698,Portugeese,Portugeese
8496,Sweedish,Sweedish
7628,Italian,Italian
9921,German,German
7331,Italian,Italian
8617,Sweedish,Sweedish
6224,Russian,Russian
1606,Malayalam,Malayalam
4253,French,French
9669,German,German
3578,French,French
9917,German,German
1250,English,English
6237,Russian,Russian
3404,French,French
5461,Spanish,Spanish
3245,Portugeese,Portugeese
304,English,English
8911,Sweedish,Sweedish
7822,Turkish,Turkish
2515,Portugeese,Portugeese
321,English,English
31,English,English
9180,Arabic,Arabic
7255,Italian,Italian
3693,French,French
10149,Kannada,Kannada
914,English,English
457,English,English
900,English,English
4635,Dutch,Dutch
2191,Tamil,Tamil
5284,Spanish,Spanish
8743,Sweedish,Sweedish
2310,Tamil,Tamil
1217,English,English
2701,Portugeese,Portugeese
1002,English,English
9807,German,German
7931,Turkish,Turkish
1691,Malayalam,Malayalam
7953,Turkish,Turkish
8796,Sweedish,Sweedish
10069,Kannada,Kannada
533,English,English
4366,Dutch,Dutch
6094,Russian,Russian
8582,Sweedish,Sweedish
7955,Turkish,Turkish
7363,Italian,Italian
1277,English,English
5062,Spanish,Spanish
169,English,English
9940,German,German
8468,Sweedish,Sweedish
3834,French,French
10228,Kannada,Kannada
4949,Spanish,Spanish
4791,Dutch,Dutch
4469,Dutch,Dutch
318,English,English
1190,English,English
1536,Malayalam,Malayalam
1795,Malayalam,Malayalam
9528,German,German
315,English,English
2168,Tamil,Tamil
1078,English,English
6298,Russian,Russian
9727,German,German
8191,Turkish,Turkish
8401,Sweedish,Sweedish
1595,Malayalam,Malayalam
9720,German,German
5261,Spanish,Spanish
3872,French,French
5979,Greek,Greek
8093,Turkish,Turkish
2840,Portugeese,Portugeese
7754,Italian,Italian
7344,Italian,Italian
9685,German,German
4192,French,French
6533,Russian,Russian
4191,French,French
8839,Sweedish,Sweedish
5820,Greek,Greek
2287,Tamil,Tamil
3132,Portugeese,Portugeese
8193,Turkish,Turkish
1112,English,English
5950,Greek,Greek
1965,Malayalam,Malayalam
9381,Arabic,Arabic
4879,Spanish,Spanish
3095,Portugeese,Portugeese
3045,Portugeese,Portugeese
3460,French,French
8909,Sweedish,English
439,English,English
7094,Danish,Danish
346,English,English
6887,Danish,Danish
1413,Malayalam,Malayalam
9744,German,German
9133,Arabic,Arabic
3555,French,French
9652,German,German
4929,Spanish,Spanish
4969,Spanish,Spanish
3459,French,French
3413,French,French
2816,Portugeese,Portugeese
8542,Sweedish,Sweedish
9615,German,German
1347,English,English
4001,French,French
4519,Dutch,Dutch
7228,Italian,Italian
5281,Spanish,Spanish
4867,Spanish,Spanish
8237,Turkish,Turkish
4738,Dutch,Dutch
1791,Malayalam,Malayalam
6121,Russian,Russian
673,English,English
2039,Hindi,Hindi
3647,French,French
2301,Tamil,Tamil
6752,Danish,Danish
1147,English,English
7428,Italian,Italian
6587,Russian,Russian
9853,German,Dutch
1145,English,English
718,English,English
1180,English,English
9713,German,German
9469,Arabic,Arabic
8331,Sweedish,Sweedish
8439,Sweedish,Sweedish
7498,Italian,Italian
9816,German,German
9390,Arabic,Arabic
2522,Portugeese,Portugeese
5807,Greek,Greek
10287,Kannada,Kannada
3919,French,French
4335,Dutch,Dutch
1670,Malayalam,Malayalam
7247,Italian,Italian
373,English,English
7615,Italian,Italian
4328,Dutch,Dutch
5813,Greek,Greek
8956,Sweedish,Sweedish
6518,Russian,Russian
7161,Italian,Italian
4850,Spanish,Spanish
6349,Russian,Russian
9884,German,German
1056,English,English
500,English,English
6707,Danish,Danish
6085,Russian,Russian
9223,Arabic,Arabic
9488,Arabic,Arabic
4685,Dutch,Dutch
259,English,English
5288,Spanish,Spanish
6141,Russian,Russian
7501,Italian,Italian
6055,Russian,Russian
10143,Kannada,Kannada
6414,Russian,Russian
3455,French,French
6987,Danish,Danish
8814,Sweedish,Sweedish
9283,Arabic,Arabic
7881,Turkish,Turkish
9496,Arabic,Arabic
9625,German,German
4162,French,French
2732,Portugeese,Portugeese
6998,Danish,Danish
1351,English,English
6253,Russian,Russian
10025,Kannada,Kannada
6682,Russian,Russian
8047,Turkish,Turkish
2108,Tamil,Tamil
542,English,English
8975,Arabic,Arabic
5268,Spanish,Spanish
9479,Arabic,Arabic
295,English,English
8329,Sweedish,Sweedish
47,English,English
6672,Russian,Russian
5743,Greek,Greek
6173,Russian,Russian
2517,Portugeese,Portugeese
286,English,English
2802,Portugeese,Portugeese
4803,Dutch,Dutch
1512,Malayalam,Malayalam
6939,Danish,Danish
4023,French,French
9025,Arabic,Arabic
5165,Spanish,Spanish
4189,French,French
8174,Turkish,Turkish
8116,Turkish,Turkish
4123,French,French
927,English,English
1616,Malayalam,Malayalam
3827,French,French
2625,Portugeese,Portugeese
7139,Italian,Italian
8347,Sweedish,Sweedish
8738,Sweedish,Sweedish
6586,Russian,Russian
958,English,English
9647,German,German
8964,Arabic,Arabic
3784,French,French
5665,Greek,Greek
1921,Malayalam,Malayalam
10311,Kannada,Kannada
9110,Arabic,Arabic
4119,French,French
5862,Greek,Greek
6180,Russian,Russian
1149,English,English
3038,Portugeese,Portugeese
3891,French,French
5440,Spanish,Spanish
8821,Sweedish,Sweedish
3937,French,French
8683,Sweedish,Sweedish
2036,Hindi,Hindi
7985,Turkish,Turkish
3350,French,French
5816,Greek,Greek
10079,Kannada,Kannada
6671,Russian,Russian
3739,French,French
932,English,English
2152,Tamil,Tamil
1458,Malayalam,Malayalam
1084,English,English
7152,Italian,Italian
4127,French,French
6857,Danish,Danish
5817,Greek,Greek
9449,Arabic,Arabic
3984,French,French
4847,Spanish,Spanish
1488,Malayalam,Malayalam
6245,Russian,Russian
2750,Portugeese,Portugeese
4721,Dutch,Dutch
7578,Italian,Italian
8995,Arabic,Arabic
6128,Russian,Russian
210,English,English
8176,Turkish,Turkish
5968,Greek,Greek
2260,Tamil,Tamil
4989,Spanish,Spanish
7267,Italian,Italian
9149,Arabic,Arabic
2685,Portugeese,Portugeese
10331,Kannada,Kannada
9437,Arabic,Arabic
1608,Malayalam,Malayalam
4411,Dutch,Dutch
3651,French,French
8383,Sweedish,Sweedish
3593,French,French
7500,Italian,Italian
106,English,English
3082,Portugeese,Portugeese
6779,Danish,Danish
8064,Turkish,Turkish
2619,Portugeese,Portugeese
5087,Spanish,Arabic
6008,Russian,Russian
10205,Kannada,Kannada
2485,Tamil,Tamil
7369,Italian,Italian
6537,Russian,Russian
3541,French,French
7281,Italian,Italian
3595,French,French
2833,Portugeese,Portugeese
5829,Greek,Greek
4936,Spanish,Spanish
5100,Spanish,Spanish
10165,Kannada,Kannada
7360,Italian,Italian
1408,Malayalam,Malayalam
7149,Italian,Italian
4838,Spanish,Spanish
6179,Russian,Russian
29,English,English
4418,Dutch,Dutch
3284,French,French
10119,Kannada,Kannada
5769,Greek,Greek
3910,French,French
1617,Malayalam,Malayalam
7528,Italian,Italian
7750,Italian,Italian
6903,Danish,Danish
108,English,English
3315,French,French
2124,Tamil,Tamil
3424,French,French
10158,Kannada,Kannada
9359,Arabic,Arabic
9972,Kannada,Kannada
1953,Malayalam,Malayalam
7222,Italian,Italian
6208,Russian,Russian
6227,Russian,Russian
7109,Danish,Danish
2275,Tamil,Tamil
9518,German,German
3154,Portugeese,Portugeese
9930,German,German
3160,Portugeese,Portugeese
265,English,English
1981,Hindi,Hindi
6797,Danish,Danish
9323,Arabic,Arabic
7709,Italian,Italian
5362,Spanish,Spanish
3148,Portugeese,Portugeese
9617,German,German
5582,Spanish,Spanish
10256,Kannada,Kannada
3848,French,French
8013,Turkish,Turkish
8960,Sweedish,Sweedish
293,English,English
9046,Arabic,Arabic
9564,German,German
4201,French,French
5398,Spanish,Spanish
2232,Tamil,Tamil
6151,Russian,Russian
576,English,English
10041,Kannada,Kannada
9549,German,German
2859,Portugeese,Portugeese
3688,French,French
10011,Kannada,Kannada
14,English,English
4934,Spanish,Spanish
3050,Portugeese,Portugeese
1247,English,English
5018,Spanish,Spanish
1068,English,English
3399,French,French
1576,Malayalam,Malayalam
7051,Danish,Danish
2455,Tamil,Tamil
1501,Malayalam,Malayalam
6954,Danish,Danish
5727,Greek,Greek
1360,English,English
9247,Arabic,Arabic
92,English,English
2963,Portugeese,Portugeese
2614,Portugeese,Portugeese
5712,Greek,Greek
8699,Sweedish,Sweedish
4038,French,French
1862,Malayalam,Malayalam
496,English,English
5023,Spanish,Spanish
2879,Portugeese,Portugeese
8409,Sweedish,Sweedish
5321,Spanish,Spanish
9833,German,German
8097,Turkish,Turkish
4779,Dutch,Dutch
3508,French,French
5135,Spanish,Spanish
9336,Arabic,Arabic
5616,Spanish,Spanish
1669,Malayalam,Malayalam
6965,Danish,Danish
9066,Arabic,Arabic
713,English,English
8804,Sweedish,Sweedish
9354,Arabic,Arabic
5338,Spanish,Spanish
3857,French,French
7512,Italian,Italian
794,English,English
6715,Danish,Sweedish
8391,Sweedish,Sweedish
10112,Kannada,Kannada
10111,Kannada,Kannada
8375,Sweedish,Sweedish
1082,English,English
7780,Italian,Italian
2138,Tamil,Tamil
4395,Dutch,Dutch
388,English,English
6485,Russian,Russian
6680,Russian,Russian
3025,Portugeese,Portugeese
7630,Italian,Italian
1087,English,English
5667,Greek,Greek
5828,Greek,Greek
6003,Russian,Russian
88,English,English
510,English,English
4436,Dutch,Dutch
3418,French,French
8823,Sweedish,Danish
6539,Russian,Russian
7567,Italian,Italian
6982,Danish,Danish
3065,Portugeese,Portugeese
8327,Sweedish,Sweedish
8475,Sweedish,Sweedish
9895,German,German
1950,Malayalam,Malayalam
4083,French,French
651,English,English
4190,French,French
7671,Italian,Italian
8460,Sweedish,Sweedish
9570,German,German
7407,Italian,Italian
9714,German,German
4540,Dutch,Dutch
9079,Arabic,Arabic
5982,Greek,Greek
416,English,English
6462,Russian,Russian
621,English,English
7185,Italian,Italian
8199,Turkish,Turkish
4845,Spanish,Spanish
6743,Danish,Danish
1107,English,English
1254,English,English
4716,Dutch,Dutch
7775,Italian,Italian
7143,Italian,Italian
7545,Italian,Italian
2492,Tamil,Tamil
6661,Russian,Russian
5270,Spanish,Spanish
4672,Dutch,Dutch
8,English,English
399,English,English
9324,Arabic,Arabic
6437,Russian,Russian
1369,English,English
3527,French,French
7716,Italian,Italian
3790,French,French
3979,French,French
4217,French,French
3706,French,French
5814,Greek,Greek
1730,Malayalam,Malayalam
8719,Sweedish,Sweedish
7047,Danish,Danish
8521,Sweedish,Sweedish
5118,Spanish,Spanish
3287,French,French
9024,Arabic,Arabic
8169,Turkish,Portugeese
3895,French,French
582,English,English
1963,Malayalam,Malayalam
624,English,English
568,English,English
730,English,English
8552,Sweedish,Sweedish
7198,Italian,Italian
7238,Italian,Italian
8277,Turkish,Turkish
8538,Sweedish,Sweedish
2407,Tamil,Tamil
2055,Tamil,Tamil
360,English,English
5559,Spanish,Spanish
5349,Spanish,Spanish
291,English,English
8444,Sweedish,Sweedish
101,English,English
9056,Arabic,Arabic
3088,Portugeese,Portugeese
8203,Turkish,Turkish
9715,German,German
1224,English,English
1253,English,English
2970,Portugeese,Portugeese
4271,Dutch,Dutch
9866,German,German
3948,French,French
3127,Portugeese,Portugeese
1208,English,English
8868,Sweedish,Sweedish
856,English,English
7876,Turkish,Turkish
6754,Danish,Danish
9761,German,German
6545,Russian,Russian
7379,Italian,Italian
8181,Turkish,Turkish
2638,Portugeese,Portugeese
563,English,English
7936,Turkish,Turkish
4304,Dutch,Dutch
3745,French,French
8848,Sweedish,Sweedish
795,English,English
2478,Tamil,Tamil
4092,French,French
63,English,English
1022,English,English
9565,German,German
8314,Sweedish,Sweedish
3666,French,French
5852,Greek,Greek
2072,Tamil,Tamil
1210,English,English
1516,Malayalam,Malayalam
1746,Malayalam,Malayalam
2932,Portugeese,Portugeese
2344,Tamil,Tamil
1660,Malayalam,Malayalam
8261,Turkish,Turkish
1747,Malayalam,Malayalam
245,English,English
2507,Tamil,Tamil
4459,Dutch,Dutch
2544,Portugeese,Portugeese
3298,French,French
3128,Portugeese,Portugeese
7680,Italian,Italian
333,English,English
7518,Italian,Italian
2098,Tamil,Tamil
7530,Italian,Italian
2588,Portugeese,Portugeese
9635,German,German
1511,Malayalam,Malayalam
263,English,English
1350,English,English
2271,Tamil,Tamil
7063,Danish,Danish
7290,Italian,Italian
655,English,English
623,English,English
1432,Malayalam,Malayalam
2109,Tamil,Tamil
1393,Malayalam,English
5094,Spanish,Spanish
6515,Russian,Russian
5351,Spanish,Spanish
3692,French,French
4629,Dutch,Dutch
3582,French,French
1794,Malayalam,Malayalam
367,English,English
9140,Arabic,Arabic
736,English,English
8305,Sweedish,Sweedish
7284,Italian,Italian
8218,Turkish,Turkish
1785,Malayalam,Malayalam
5312,Spanish,Spanish
577,English,English
4830,Spanish,Spanish
10192,Kannada,Kannada
5660,Greek,Greek
4012,French,French
1692,Malayalam,Malayalam
1688,Malayalam,Malayalam
1199,English,English
6890,Danish,Danish
7831,Turkish,Turkish
8224,Turkish,Turkish
8993,Arabic,Arabic
1650,Malayalam,Malayalam
4474,Dutch,Dutch
2620,Portugeese,Portugeese
3481,French,French
2899,Portugeese,Portugeese
6931,Danish,Danish
76,English,English
4975,Spanish,Spanish
2288,Tamil,Tamil
5198,Spanish,Spanish
4252,French,French
3526,French,French
7376,Italian,Italian
9981,Kannada,Kannada
3194,Portugeese,Portugeese
2145,Tamil,Tamil
6312,Russian,Russian
4317,Dutch,Dutch
5931,Greek,Greek
6611,Russian,Russian
5199,Spanish,Spanish
5912,Greek,Greek
2286,Tamil,Tamil
960,English,English
8663,Sweedish,Sweedish
683,English,English
4995,Spanish,Spanish
3,English,English
647,English,English
1915,Malayalam,Malayalam
6061,Russian,Russian
1446,Malayalam,Malayalam
1026,English,English
290,English,English
6263,Russian,Russian
4630,Dutch,Dutch
9533,German,German
2107,Tamil,Tamil
9860,German,German
2009,Hindi,Hindi
9850,German,German
1923,Malayalam,Malayalam
5737,Greek,Greek
4914,Spanish,Spanish
9360,Arabic,Arabic
7834,Turkish,Turkish
6196,Russian,Russian
5519,Spanish,Spanish
135,English,English
6177,Russian,Russian
1760,Malayalam,Malayalam
7762,Italian,Italian
4269,Dutch,Dutch
2337,Tamil,Tamil
6255,Russian,Russian
8949,Sweedish,Sweedish
7645,Italian,Italian
185,English,English
4026,French,French
10300,Kannada,Kannada
5030,Spanish,Spanish
6209,Russian,Russian
8517,Sweedish,Sweedish
3566,French,French
7620,Italian,Italian
10255,Kannada,Kannada
3497,French,French
7317,Italian,Italian
5730,Greek,Greek
5583,Spanish,Spanish
6503,Russian,Russian
330,English,English
8760,Sweedish,Sweedish
8841,Sweedish,Sweedish
6379,Russian,Russian
3616,French,French
6765,Danish,Danish
8641,Sweedish,Sweedish
549,English,English
1368,English,English
1156,English,English
8083,Turkish,Turkish
381,English,English
6029,Russian,Russian
131,English,English
9388,Arabic,Arabic
2119,Tamil,Tamil
704,English,English
4074,French,French
8797,Sweedish,Sweedish
3077,Portugeese,Portugeese
5663,Greek,Greek
10071,Kannada,Kannada
7457,Italian,Italian
4667,Dutch,Dutch
9096,Arabic,Arabic
9009,Arabic,Arabic
8974,Arabic,Arabic
2870,Portugeese,Portugeese
9132,Arabic,Arabic
3079,Portugeese,Portugeese
3317,French,French
1740,Malayalam,Malayalam
7078,Danish,Danish
3544,French,French
2984,Portugeese,Portugeese
7942,Turkish,Turkish
7562,Italian,Italian
3909,French,French
3941,French,French
1851,Malayalam,Malayalam
2221,Tamil,Tamil
3724,French,French
3643,French,French
7823,Turkish,Turkish
5298,Spanish,Spanish
7459,Italian,Italian
4533,Dutch,Dutch
6335,Russian,Russian
8904,Sweedish,Sweedish
3728,French,French
8693,Sweedish,Sweedish
4715,Dutch,Dutch
3333,French,French
2391,Tamil,Tamil
2458,Tamil,Tamil
7503,Italian,Italian
6426,Russian,Russian
2908,Portugeese,Portugeese
6360,Russian,Russian
4680,Dutch,Dutch
4284,Dutch,Dutch
4960,Spanish,Spanish
7810,Italian,Italian
7918,Turkish,Turkish
1523,Malayalam,Malayalam
9749,German,German
3955,French,French
7971,Turkish,Turkish
7053,Danish,Danish
144,English,English
6066,Russian,Russian
4161,French,Italian
2815,Portugeese,Portugeese
2483,Tamil,Tamil
2876,Portugeese,Portugeese
7696,Italian,Italian
9683,German,German
8161,Turkish,Turkish
7934,Turkish,Turkish
9001,Arabic,Arabic
758,English,English
1330,English,English
6641,Russian,Russian
3842,French,French
1418,Malayalam,Malayalam
7030,Danish,Danish
3538,French,French
5620,Spanish,Spanish
3299,French,French
2531,Portugeese,Portugeese
2913,Portugeese,Portugeese
1684,Malayalam,Malayalam
10000,Kannada,Kannada
7935,Turkish,Turkish
10093,Kannada,Kannada
2523,Portugeese,Portugeese
2465,Tamil,Tamil
7485,Italian,Italian
9189,Arabic,Arabic
4509,Dutch,Dutch
1543,Malayalam,Malayalam
6341,Russian,Russian
5914,Greek,Greek
6746,Danish,Danish
8377,Sweedish,Sweedish
8316,Sweedish,Sweedish
3524,French,French
7256,Italian,Italian
1373,English,English
7925,Turkish,Turkish
8126,Turkish,Turkish
7265,Italian,Italian
0,English,English
6386,Russian,Russian
349,English,English
3387,French,French
7952,Turkish,Turkish
1160,English,English
2564,Portugeese,Portugeese
6367,Russian,Russian
1803,Malayalam,Malayalam
3094,Portugeese,Italian
1155,English,English
8464,Sweedish,Sweedish
4210,French,French
5802,Greek,Greek
3817,French,French
5956,Greek,Greek
8653,Sweedish,Sweedish
3837,French,French
4800,Dutch,Dutch
7067,Danish,Danish
1623,Malayalam,Malayalam
4151,French,English
6606,Russian,Russian
3319,French,French
2487,Tamil,Tamil
5151,Spanish,Spanish
4794,Dutch,Dutch
3656,French,French
7851,Turkish,Turkish
4684,Dutch,Dutch
1113,English,English
782,English,English
2807,Portugeese,Portugeese
2245,Tamil,Tamil
316,English,English
7711,Italian,Italian
7774,Italian,Italian
7439,Italian,Italian
10074,Kannada,Kannada
9192,Arabic,Arabic
3130,Portugeese,Portugeese
10036,Kannada,Kannada
7011,Danish,Danish
4640,Dutch,English
2862,Portugeese,Portugeese
7732,Italian,English
4626,Dutch,Dutch
4770,Dutch,Dutch
3621,French,French
3532,French,French
103,English,English
4064,French,French
5489,Spanish,Spanish
5538,Spanish,Spanish
6324,Russian,Russian
8216,Turkish,Turkish
756,English,English
9139,Arabic,Arabic
5581,Spanish,Spanish
8225,Turkish,Turkish
2128,Tamil,Tamil
9522,German,German
9794,German,German
4972,Spanish,Spanish
5289,Spanish,Spanish
2926,Portugeese,Portugeese
5214,Spanish,Spanish
7313,Italian,Italian
8634,Sweedish,Sweedish
2273,Tamil,Tamil
4052,French,French
567,English,English
6814,Danish,Danish
8784,Sweedish,French
3238,Portugeese,Portugeese
8998,Arabic,Arabic
9668,German,German
1123,English,English
9401,Arabic,Arabic
9094,Arabic,Arabic
1883,Malayalam,Malayalam
2210,Tamil,Tamil
1508,Malayalam,Malayalam
3375,French,French
6820,Danish,Danish
5156,Spanish,Spanish
9502,German,German
764,English,English
4575,Dutch,Dutch
36,English,English
4339,Dutch,Dutch
2943,Portugeese,Portugeese
7631,Italian,Italian
5902,Greek,Greek
3412,French,French
1713,Malayalam,Malayalam
9941,German,German
2184,Tamil,Tamil
4623,Dutch,Dutch
7438,Italian,Italian
5680,Greek,Greek
4341,Dutch,English
8448,Sweedish,Sweedish
9665,German,German
6023,Russian,Russian
3679,French,French
3963,French,French
9214,Arabic,Arabic
1558,Malayalam,Malayalam
2122,Tamil,Tamil
4170,French,French
4883,Spanish,Spanish
1683,Malayalam,Malayalam
637,English,English
1071,English,English
3000,Portugeese,Portugeese
5935,Greek,Greek
5502,Spanish,Spanish
3070,Portugeese,Portugeese
7246,Italian,Italian
8094,Turkish,Turkish
149,English,English
1780,Malayalam,Malayalam
2069,Tamil,Tamil
4031,French,French
4010,French,French
3383,French,French
9438,Arabic,Arabic
10322,Kannada,Kannada
3870,French,French
3443,French,French
4076,French,French
5181,Spanish,Spanish
9525,German,German
1766,Malayalam,Malayalam
742,English,English
6443,Russian,Russian
9898,German,English
1702,Malayalam,Malayalam
7976,Turkish,Turkish
6499,Russian,Russian
8720,Sweedish,Sweedish
2769,Portugeese,Portugeese
4598,Dutch,Dutch
8805,Sweedish,Sweedish
4813,Spanish,Spanish
799,English,English
4792,Dutch,Dutch
7182,Italian,Italian
6498,Russian,Russian
7012,Danish,Danish
8381,Sweedish,Sweedish
1310,English,English
8557,Sweedish,Sweedish
4484,Dutch,Dutch
8559,Sweedish,Sweedish
4597,Dutch,Dutch
586,English,English
8046,Turkish,Turkish
5380,Spanish,Spanish
1864,Malayalam,Malayalam
9078,Arabic,Arabic
2754,Portugeese,Portugeese
2464,Tamil,Tamil
8740,Sweedish,Sweedish
23,English,English
4720,Dutch,Sweedish
6425,Russian,Russian
789,English,English
7292,Italian,Italian
5563,Spanish,Spanish
2199,Tamil,Tamil
2389,Tamil,Tamil
9105,Arabic,Arabic
10330,Kannada,Kannada
8127,Turkish,Turkish
3469,French,French
6440,Russian,Russian
7877,Turkish,Turkish
1578,Malayalam,Malayalam
4046,French,French
605,English,English
9116,Arabic,Arabic
9867,German,German
993,English,English
8732,Sweedish,Sweedish
6118,Russian,Russian
5576,Spanish,Spanish
4022,French,Portugeese
5368,Spanish,Spanish
7525,Italian,Italian
5114,Spanish,Spanish
5218,Spanish,Spanish
7951,Turkish,Turkish
7975,Turkish,Turkish
6418,Russian,Russian
8117,Turkish,Turkish
10309,Kannada,Kannada
5294,Spanish,Spanish
1509,Malayalam,Malayalam
2360,Tamil,Tamil
7461,Italian,Italian
5323,Spanish,Spanish
6428,Russian,Russian
4641,Dutch,Dutch
1768,Malayalam,Malayalam
5239,Spanish,Spanish
5623,Spanish,Spanish
5013,Spanish,Spanish
3002,Portugeese,Portugeese
9902,German,German
5269,Spanish,Spanish
3204,Portugeese,Portugeese
267,English,English
4982,Spanish,Spanish
1775,Malayalam,Malayalam
3887,French,French
8870,Sweedish,Sweedish
5924,Greek,Greek
9969,Kannada,Kannada
738,English,English
965,English,English
252,English,English
1805,Malayalam,Malayalam
2473,Tamil,Tamil
50,English,English
4665,Dutch,Dutch
4844,Spanish,Spanish
3334,French,French
872,English,English
6623,Russian,Russian
8523,Sweedish,English
6282,Russian,Russian
7744,Italian,Italian
9731,German,German
5516,Spanish,Spanish
7541,Italian,Italian
248,English,English
9915,German,German
6188,Russian,Russian
6556,Russian,Russian
2709,Portugeese,Portugeese
4633,Dutch,Dutch
971,English,English
2609,Portugeese,Portugeese
10224,Kannada,Kannada
5379,Spanish,Spanish
9127,Arabic,Arabic
5431,Spanish,Spanish
6210,Russian,Russian
3838,French,French
10137,Kannada,Kannada
447,English,English
7414,Italian,Italian
4024,French,French
5053,Spanish,Spanish
6865,Danish,Danish
9455,Arabic,Arabic
3428,French,French
8640,Sweedish,Sweedish
4807,Dutch,Dutch
461,English,English
3037,Portugeese,Portugeese
6803,Danish,Danish
6492,Russian,Russian
3905,French,French
1175,English,English
376,English,English
410,English,English
4467,Dutch,Dutch
3649,French,French
5564,Spanish,Spanish
6684,Russian,Russian
5937,Greek,Greek
10031,Kannada,Kannada
4950,Spanish,Spanish
10175,Kannada,Kannada
4174,French,French
2075,Tamil,Tamil
8748,Sweedish,Sweedish
274,English,English
6480,Russian,Russian
9197,Arabic,Arabic
9847,German,German
4704,Dutch,Dutch
4209,French,French
1496,Malayalam,Malayalam
4532,Dutch,Dutch
8968,Arabic,Arabic
1453,Malayalam,Malayalam
4071,French,French
5492,Spanish,Spanish
6851,Danish,Danish
467,English,English
3873,French,French
9330,Arabic,Arabic
4504,Dutch,Dutch
7591,Italian,Italian
10038,Kannada,Kannada
6387,Russian,Russian
513,English,English
9092,Arabic,Arabic
1880,Malayalam,Malayalam
2133,Tamil,Tamil
8100,Turkish,Turkish
921,English,English
6292,Russian,Russian
7533,Italian,Italian
1406,Malayalam,Malayalam
2114,Tamil,Tamil
474,English,English
8060,Turkish,Turkish
5071,Spanish,Spanish
4942,Spanish,Spanish
3707,French,French
4461,Dutch,Dutch
2855,Portugeese,Portugeese
5900,Greek,Greek
480,English,English
2239,Tamil,Tamil
4622,Dutch,Dutch
3918,French,French
9906,German,German
6259,Russian,Russian
5992,Greek,Greek
1877,Malayalam,Malayalam
8304,Sweedish,Sweedish
9520,German,German
4489,Dutch,Dutch
4828,Spanish,Spanish
4657,Dutch,German
1793,Malayalam,Malayalam
7572,Italian,Italian
7997,Turkish,Turkish
6120,Russian,Russian
8558,Sweedish,Sweedish
8200,Turkish,Turkish
9946,German,German
714,English,English
3123,Portugeese,Portugeese
5170,Spanish,Spanish
10281,Kannada,Kannada
8513,Sweedish,Sweedish
7275,Italian,Italian
8272,Turkish,Turkish
9016,Arabic,Arabic
9198,Arabic,Arabic
1020,English,English
705,English,English
2236,Tamil,Tamil
9655,German,German
2470,Tamil,Tamil
10221,Kannada,Kannada
4767,Dutch,Dutch
8370,Sweedish,Sweedish
908,English,English
8813,Sweedish,Danish
2960,Portugeese,Portugeese
4708,Dutch,Dutch
8235,Turkish,Turkish
4181,French,French
3026,Portugeese,Portugeese
4353,Dutch,Dutch
594,English,English
8063,Turkish,Turkish
440,English,English
8028,Turkish,Turkish
5328,Spanish,Spanish
4913,Spanish,Spanish
2919,Portugeese,Portugeese
6727,Danish,Danish
10,English,English
8951,Sweedish,Sweedish
4631,Dutch,Dutch
9955,German,German
7081,Danish,Danish
93,English,English
8770,Sweedish,Sweedish
9536,German,German
1807,Malayalam,Malayalam
7802,Italian,Italian
5235,Spanish,Spanish
7306,Italian,Italian
4147,French,French
292,English,English
788,English,English
5957,Greek,Greek
2595,Portugeese,Portugeese
6010,Russian,Russian
7382,Italian,Italian
9221,Arabic,Arabic
8124,Turkish,Turkish
10100,Kannada,Kannada
6307,Russian,Russian
1318,English,English
6576,Russian,Russian
4382,Dutch,Dutch
4870,Spanish,Spanish
5566,Spanish,Spanish
10336,Kannada,Kannada
3254,French,French
4881,Spanish,Spanish
4889,Spanish,Spanish
8635,Sweedish,Sweedish
4004,French,French
8791,Sweedish,Sweedish
4053,French,French
2907,Portugeese,Portugeese
7046,Danish,Danish
6507,Russian,Russian
7884,Turkish,Turkish
3422,French,French
3012,Portugeese,Portugeese
1825,Malayalam,Malayalam
1599,Malayalam,Malayalam
6557,Russian,Russian
2589,Portugeese,Portugeese
8652,Sweedish,Sweedish
4518,Dutch,Dutch
6724,Danish,Danish
3646,French,French
837,English,English
6057,Russian,Russian
8598,Sweedish,Sweedish
4081,French,French
5250,Spanish,Spanish
4110,French,French
7355,Italian,Italian
9707,German,Sweedish
2903,Portugeese,Portugeese
2889,Portugeese,Portugeese
4100,French,French
9591,German,German
1783,Malayalam,Malayalam
10296,Kannada,Kannada
157,English,English
1833,Malayalam,Malayalam
6220,Russian,Russian
6872,Danish,Danish
9830,German,German
1441,Malayalam,Malayalam
2574,Portugeese,Portugeese
1631,Malayalam,Malayalam
700,English,English
3685,French,French
6336,Russian,Russian
9179,Arabic,Arabic
9418,Arabic,Arabic
3815,French,French
8229,Turkish,Turkish
4502,Dutch,Dutch
4169,French,French
3467,French,French
2922,Portugeese,Portugeese
8454,Sweedish,Sweedish
5702,Greek,Greek
4903,Spanish,Spanish
5551,Spanish,Portugeese
6830,Danish,Danish
7866,Turkish,Turkish
7341,Italian,Italian
8254,Turkish,Turkish
2215,Tamil,Tamil
6051,Russian,Russian
3352,French,French
1402,Malayalam,Malayalam
2227,Tamil,Tamil
7791,Italian,Italian
3826,French,French
6423,Russian,Russian
3244,Portugeese,Portugeese
7903,Turkish,Turkish
9411,Arabic,Arabic
8167,Turkish,Turkish
2254,Tamil,Tamil
10245,Kannada,Kannada
603,English,English
8035,Turkish,Turkish
7054,Danish,Danish
393,English,English
6421,Russian,Russian
7508,Italian,Italian
6391,Russian,Russian
9510,German,German
95,English,English
9945,German,German
4184,French,French
4128,French,French
9014,Arabic,Arabic
9745,German,German
3295,French,French
5507,Spanish,Spanish
5221,Spanish,Spanish
8077,Turkish,Turkish
6073,Russian,Russian
7588,Italian,Italian
8351,Sweedish,Sweedish
7148,Italian,Italian
7601,Italian,Italian
7637,Italian,Italian
6398,Russian,Russian
7600,Italian,Italian
1634,Malayalam,Malayalam
6915,Danish,Danish
7565,Italian,Italian
2270,Tamil,Tamil
7173,Italian,Italian
8374,Sweedish,Sweedish
1355,English,English
8812,Sweedish,Sweedish
7273,Italian,Italian
3625,French,French
10335,Kannada,Kannada
5414,Spanish,Spanish
5316,Spanish,Spanish
7304,Italian,Italian
8431,Sweedish,Sweedish
4441,Dutch,Dutch
3107,Portugeese,Portugeese
7191,Italian,Italian
19,English,English
3833,French,French
7387,Italian,Italian
3686,French,French
5812,Greek,Greek
3111,Portugeese,Portugeese
6081,Russian,Russian
8469,Sweedish,Sweedish
7610,Italian,Italian
8278,Turkish,Turkish
5137,Spanish,Spanish
10134,Kannada,Kannada
5970,Greek,Greek
1261,English,English
4977,Spanish,Spanish
809,English,English
7865,Turkish,Turkish
5146,Spanish,Spanish
6927,Danish,Danish
2417,Tamil,Tamil
9195,Arabic,Arabic
6407,Russian,Russian
3457,French,French
7944,Turkish,Turkish
2678,Portugeese,Portugeese
1142,English,English
7038,Danish,Danish
6768,Danish,Danish
6618,Russian,Russian
9248,Arabic,Arabic
4262,French,French
3312,French,French
3853,French,French
7450,Italian,Italian
9845,German,German
2545,Portugeese,Portugeese
3105,Portugeese,Portugeese
4833,Spanish,Spanish
1710,Malayalam,Malayalam
9137,Arabic,Arabic
1626,Malayalam,Malayalam
7258,Italian,Italian
620,English,English
3110,Portugeese,Turkish
7435,Italian,Italian
9011,Arabic,Arabic
5033,Spanish,Spanish
3999,French,French
5128,Spanish,Spanish
1046,English,English
3282,French,French
7249,Italian,Italian
10326,Kannada,Kannada
1568,Malayalam,Malayalam
8178,Turkish,Turkish
743,English,English
222,English,English
6521,Russian,Russian
625,English,English
6018,Russian,Russian
3710,French,French
4919,Spanish,Spanish
7199,Italian,Italian
2874,Portugeese,Portugeese
6594,Russian,Russian
8137,Turkish,Turkish
4288,Dutch,Dutch
1315,English,English
8107,Turkish,Turkish
3448,French,French
2519,Portugeese,Portugeese
9751,German,German
353,English,English
9763,German,Dutch
456,English,English
6686,Danish,Danish
3668,French,French
239,English,English
3027,Portugeese,Portugeese
2425,Tamil,Tamil
8250,Turkish,Turkish
3703,French,French
2025,Hindi,Hindi
4983,Spanish,Spanish
9679,German,German
3351,French,French
3912,French,French
1018,English,English
10157,Kannada,Kannada
6639,Russian,Russian
1593,Malayalam,Malayalam
2110,Tamil,Tamil
6795,Danish,Danish
9072,Arabic,Arabic
8775,Sweedish,Sweedish
1103,English,English
8493,Sweedish,Sweedish
7688,Italian,Italian
2514,Portugeese,Portugeese
2150,Tamil,Tamil
7019,Danish,Sweedish
8536,Sweedish,Sweedish
5650,Greek,Greek
9402,Arabic,Arabic
4439,Dutch,Dutch
9973,Kannada,Kannada
9548,German,German
7416,Italian,Italian
9478,Arabic,Arabic
7981,Turkish,Turkish
9659,German,German
1383,English,English
9734,German,German
3944,French,French
217,English,English
7517,Italian,Italian
8149,Turkish,Turkish
9152,Arabic,Arabic
8701,Sweedish,Sweedish
4048,French,French
1034,English,English
216,English,English
3401,French,French
2676,Portugeese,Portugeese
2423,Tamil,Tamil
4264,Dutch,Dutch
906,English,English
4745,Dutch,Dutch
6700,Danish,Danish
6095,Russian,Russian
4898,Spanish,Spanish
10015,Kannada,Kannada
6213,Russian,Russian
8248,Turkish,Turkish
8019,Turkish,Turkish
4291,Dutch,Dutch
5171,Spanish,Spanish
3942,French,French
8354,Sweedish,Sweedish
9345,Arabic,Arabic
9543,German,German
3126,Portugeese,Portugeese
1835,Malayalam,Malayalam
852,English,English
5506,Spanish,Spanish
2316,Tamil,Tamil
8115,Turkish,Turkish
5464,Spanish,Spanish
3574,French,French
5302,Spanish,Spanish
5550,Spanish,Spanish
7966,Turkish,Turkish
5262,Spanish,Spanish
4634,Dutch,Dutch
7771,Italian,Italian
747,English,English
3928,French,French
1569,Malayalam,Malayalam
347,English,Turkish
3883,French,French
3307,French,French
2484,Tamil,Tamil
7465,Italian,Italian
3485,French,French
4553,Dutch,Dutch
5606,Spanish,Spanish
1886,Malayalam,Malayalam
5337,Spanish,Spanish
9008,Arabic,Arabic
6314,Russian,Russian
2684,Portugeese,Portugeese
3971,French,French
8317,Sweedish,Sweedish
5417,Spanish,Spanish
4394,Dutch,Dutch
9861,German,German
2328,Tamil,Tamil
763,English,English
2405,Tamil,Tamil
6968,Danish,Danish
8031,Turkish,Turkish
9302,Arabic,Arabic
3445,French,French
1486,Malayalam,Malayalam
1222,English,English
1954,Malayalam,Malayalam
4303,Dutch,Dutch
4638,Dutch,Dutch
6804,Danish,Danish
2340,Tamil,Tamil
4797,Dutch,Dutch
7524,Italian,Italian
6827,Danish,Danish
7692,Italian,Italian
4580,Dutch,Dutch
708,English,English
1575,Malayalam,Malayalam
509,English,English
6584,Russian,Russian
8085,Turkish,Turkish
8644,Sweedish,Sweedish
9640,German,German
9059,Arabic,Arabic
6859,Danish,Danish
6427,Russian,Russian
9983,Kannada,Kannada
7334,Italian,Italian
1259,English,English
7433,Italian,Italian
5022,Spanish,Spanish
8337,Sweedish,Sweedish
711,English,English
6964,Danish,Danish
9747,German,German
5205,Spanish,Spanish
4568,Dutch,Dutch
9015,Arabic,Arabic
1372,English,English
2826,Portugeese,Portugeese
712,English,English
7733,Italian,Italian
1245,English,English
4541,Dutch,Dutch
2886,Portugeese,Portugeese
5521,Spanish,Spanish
2020,Hindi,Hindi
715,English,English
2742,Portugeese,Portugeese
7477,Italian,Italian
1482,Malayalam,Malayalam
3021,Portugeese,Portugeese
9043,Arabic,Arabic
4121,French,French
9101,Arabic,Arabic
10206,Kannada,Kannada
4447,Dutch,Dutch
5638,Greek,Greek
1741,Malayalam,Malayalam
1658,Malayalam,Malayalam
212,English,English
3274,French,French
5809,Greek,Greek
4848,Spanish,Spanish
1010,English,English
323,English,English
4712,Dutch,Dutch
1097,English,English
9122,Arabic,Arabic
1562,Malayalam,Malayalam
8651,Sweedish,Sweedish
334,English,English
9370,Arabic,Arabic
2534,Portugeese,Portugeese
6200,Russian,Russian
9453,Arabic,Arabic
9826,German,German
1613,Malayalam,Malayalam
792,English,English
233,English,English
5350,Spanish,Spanish
6137,Russian,Russian
8387,Sweedish,Sweedish
5371,Spanish,Spanish
7661,Italian,Danish
6069,Russian,Russian
1957,Malayalam,Malayalam
2377,Tamil,Tamil
2030,Hindi,Hindi
4137,French,French
4387,Dutch,Dutch
8313,Sweedish,Sweedish
5517,Spanish,Spanish
6100,Russian,Russian
774,English,English
1494,Malayalam,Malayalam
5882,Greek,Greek
871,English,English
1891,Malayalam,Malayalam
1263,English,English
1618,Malayalam,Malayalam
9391,Arabic,Arabic
8034,Turkish,Turkish
8522,Sweedish,Sweedish
1758,Malayalam,Malayalam
5286,Spanish,Spanish
3673,French,French
1220,English,English
7566,Italian,Italian
1765,Malayalam,Malayalam
4392,Dutch,Dutch
408,English,English
2516,Portugeese,Portugeese
2018,Hindi,Hindi
1513,Malayalam,Malayalam
3501,French,French
4122,French,French
2968,Portugeese,Portugeese
3776,French,French
5081,Spanish,Spanish
9777,German,German
7134,Italian,Italian
7466,Italian,Italian
5034,Spanish,Spanish
3518,French,French
3060,Portugeese,Portugeese
9441,Arabic,Arabic
3434,French,French
3007,Portugeese,Portugeese
5709,Greek,Greek
4747,Dutch,Dutch
8898,Sweedish,Sweedish
6022,Russian,Russian
9235,Arabic,Arabic
3855,French,French
7598,Italian,Turkish
3441,French,French
7663,Italian,Italian
2067,Tamil,Tamil
9451,Arabic,Arabic
2167,Tamil,Tamil
1498,Malayalam,Malayalam
1479,Malayalam,Malayalam
3405,French,French
2724,Portugeese,Portugeese
8246,Turkish,Turkish
617,English,English
2554,Portugeese,Portugeese
4872,Spanish,Italian
4486,Dutch,Dutch
465,English,English
4921,Spanish,Spanish
5733,Greek,Greek
5095,Spanish,Spanish
4421,Dutch,English
2602,Portugeese,Portugeese
6017,Russian,Russian
8607,Sweedish,Sweedish
8350,Sweedish,Sweedish
745,English,English
5756,Greek,Greek
7453,Italian,Italian
710,English,English
379,English,English
9032,Arabic,Arabic
9481,Arabic,Arabic
9157,Arabic,Arabic
7675,Italian,Italian
6909,Danish,Danish
9903,German,German
4280,Dutch,Dutch
4908,Spanish,Spanish
2680,Portugeese,Portugeese
7889,Turkish,Turkish
9843,German,German
10162,Kannada,Kannada
8346,Sweedish,Sweedish
9911,German,German
3946,French,French
1313,English,English
8988,Arabic,Arabic
6181,Russian,Russian
5608,Spanish,Spanish
3677,French,French
5876,Greek,Greek
8309,Sweedish,Sweedish
1285,English,English
7100,Danish,Danish
5790,Greek,Greek
1349,English,English
2673,Portugeese,Portugeese
8506,Sweedish,Sweedish
4058,French,French
9041,Arabic,Arabic
427,English,English
653,English,English
8376,Sweedish,Sweedish
2088,Tamil,Tamil
8991,Arabic,Arabic
1964,Malayalam,Malayalam
7113,Danish,Danish
5689,Greek,Greek
7171,Italian,Italian
8589,Sweedish,Sweedish
3794,French,French
7747,Italian,Italian
7751,Italian,Spanish
7386,Italian,Italian
611,English,English
2029,Hindi,Hindi
3210,Portugeese,Portugeese
4961,Spanish,Spanish
2012,Hindi,Hindi
4407,Dutch,Dutch
7811,Italian,Italian
1118,English,English
554,English,English
3043,Portugeese,Portugeese
511,English,English
2304,Tamil,Tamil
7423,Italian,Italian
967,English,English
5928,Greek,Greek
2447,Tamil,Tamil
9305,Arabic,Arabic
7431,Italian,Italian
7277,Italian,Italian
3353,French,French
2165,Tamil,Tamil
9371,Arabic,Arabic
9732,German,German
5969,Greek,Greek
2189,Tamil,Tamil
2392,Tamil,Tamil
6739,Danish,Danish
8933,Sweedish,Sweedish
6740,Danish,Danish
4157,French,French
5748,Greek,Greek
5991,Greek,Greek
1109,English,English
6148,Russian,Russian
8412,Sweedish,Sweedish
1038,English,English
1194,English,English
8131,Turkish,Turkish
20,English,English
10009,Kannada,Kannada
8301,Sweedish,Sweedish
7257,Italian,Italian
6794,Danish,Danish
9276,Arabic,Arabic
2885,Portugeese,Portugeese
934,English,English
7480,Italian,Italian
4047,French,French
8860,Sweedish,Sweedish
5035,Spanish,Spanish
8525,Sweedish,Sweedish
394,English,English
8036,Turkish,Turkish
7108,Danish,Danish
1737,Malayalam,Malayalam
9473,Arabic,Arabic
8977,Arabic,Arabic
561,English,English
10275,Kannada,Kannada
2513,Portugeese,Portugeese
1297,English,English
5426,Spanish,Portugeese
1162,English,English
6252,Russian,Russian
1671,Malayalam,Malayalam
2664,Portugeese,Portugeese
3903,French,French
1527,Malayalam,Malayalam
5332,Spanish,Spanish
10046,Kannada,Kannada
3542,French,French
8818,Sweedish,Sweedish
58,English,English
4974,Spanish,Spanish
10187,Kannada,Kannada
4808,Dutch,Dutch
5466,Spanish,Spanish
4863,Spanish,Spanish
8414,Sweedish,Sweedish
7885,Turkish,Turkish
6472,Russian,Russian
2771,Portugeese,Portugeese
5851,Greek,Greek
8344,Sweedish,Sweedish
6384,Russian,Russian
5825,Greek,Greek
6162,Russian,Russian
462,English,English
676,English,English
5130,Spanish,Spanish
5121,Spanish,Spanish
414,English,English
7946,Turkish,Turkish
9857,German,German
3145,Portugeese,Portugeese
6962,Danish,Danish
10231,Kannada,Kannada
5766,Greek,Greek
4385,Dutch,Dutch
6858,Danish,Danish
9671,German,German
5983,Greek,Greek
4755,Dutch,Dutch
4367,Dutch,Dutch
7792,Italian,Italian
866,English,English
3678,French,French
7478,Italian,Italian
4902,Spanish,Spanish
4220,French,French
10018,Kannada,Kannada
1897,Malayalam,Malayalam
8095,Turkish,Turkish
10274,Kannada,Kannada
7089,Danish,Danish
8481,Sweedish,Sweedish
7522,Italian,Italian
1817,Malayalam,Malayalam
1937,Malayalam,Malayalam
4419,Dutch,Dutch
1726,Malayalam,Malayalam
1047,English,English
3753,French,French
4698,Dutch,Dutch
3187,Portugeese,Portugeese
766,English,English
1144,English,English
3059,Portugeese,Portugeese
8003,Turkish,Turkish
4534,Dutch,Dutch
5700,Greek,Greek
3799,French,French
5967,Greek,Greek
3570,French,French
7607,Italian,Italian
3080,Portugeese,Portugeese
828,English,English
6973,Danish,Danish
1672,Malayalam,Malayalam
7882,Turkish,Turkish
6167,Russian,Russian
2991,Portugeese,Portugeese
4344,Dutch,English
8811,Sweedish,Danish
2319,Tamil,Tamil
2045,Tamil,Tamil
6867,Danish,Danish
9220,Arabic,Arabic
4091,French,French
1295,English,English
8451,Sweedish,Sweedish
591,English,English
221,English,English
5865,Greek,Greek
8147,Turkish,Turkish
7659,Italian,Italian
858,English,English
3305,French,French
2995,Portugeese,Portugeese
9166,Arabic,Arabic
841,English,English
2157,Tamil,Tamil
2692,Portugeese,Portugeese
7801,Italian,Italian
994,English,English
3023,Portugeese,Portugeese
1554,Malayalam,Malayalam
10135,Kannada,Kannada
6203,Russian,Russian
4139,French,French
9319,Arabic,Arabic
5589,Spanish,Spanish
9962,German,German
7937,Turkish,Turkish
7261,Italian,Italian
4877,Spanish,Spanish
9462,Arabic,Arabic
3433,French,French
400,English,English
3061,Portugeese,Spanish
4194,French,French
3632,French,French
7666,Italian,Italian
6862,Danish,Danish
3755,French,French
59,English,English
4862,Spanish,Spanish
5615,Spanish,Spanish
3320,French,French
8593,Sweedish,English
1328,English,Italian
6630,Russian,Russian
2325,Tamil,Tamil
3533,French,French
3396,French,French
1550,Malayalam,Malayalam
1009,English,English
1612,Malayalam,Malayalam
5478,Spanish,Spanish
6281,Russian,Russian
648,English,English
879,English,English
7095,Danish,Danish
4645,Dutch,Dutch
3392,French,French
550,English,English
7381,Italian,Italian
6187,Russian,Russian
7579,Italian,Italian
4560,Dutch,Dutch
211,English,English
6086,Russian,Russian
8862,Sweedish,Sweedish
4176,French,French
1438,Malayalam,Malayalam
4880,Spanish,Spanish
696,English,English
6947,Danish,Danish
8177,Turkish,Turkish
1314,English,English
2498,Tamil,Tamil
5532,Spanish,Spanish
12,English,English
2335,Tamil,Tamil
6906,Danish,Danish
1346,English,English
8944,Sweedish,Sweedish
453,English,English
6037,Russian,Russian
9060,Arabic,Arabic
9559,German,German
9022,Arabic,Arabic
6958,Danish,Danish
37,English,English
8188,Turkish,Turkish
4825,Spanish,Spanish
940,English,English
6372,Russian,Russian
5804,Greek,Greek
3540,French,French
538,English,English
8610,Sweedish,Sweedish
3529,French,French
1400,Malayalam,Malayalam
7633,Italian,Italian
3288,French,French
8955,Sweedish,Sweedish
7602,Italian,Italian
7338,Italian,Italian
3100,Portugeese,Danish
5027,Spanish,Spanish
4332,Dutch,Dutch
4129,French,French
2453,Tamil,Tamil
7144,Italian,Italian
4343,Dutch,Dutch
6711,Danish,Danish
9970,Kannada,Kannada
10209,Kannada,Kannada
1739,Malayalam,Malayalam
3597,French,French
9989,Kannada,Kannada
3620,French,French
2474,Tamil,Tamil
8994,Arabic,Arabic
9071,Arabic,Arabic
3032,Portugeese,Portugeese
1563,Malayalam,Malayalam
4693,Dutch,Dutch
2348,Tamil,Tamil
6902,Danish,Danish
9725,German,German
9194,Arabic,Arabic
8214,Turkish,Turkish
9249,Arabic,Arabic
9584,German,German
5849,Greek,Greek
2388,Tamil,Tamil
7855,Turkish,Turkish
7170,Italian,Italian
2457,Tamil,Tamil
8972,Arabic,Arabic
7634,Italian,Italian
9524,German,German
2213,Tamil,Tamil
833,English,English
7914,Turkish,Turkish
8271,Turkish,Turkish
5060,Spanish,Spanish
8295,Sweedish,Sweedish
8288,Sweedish,Sweedish
8579,Sweedish,Sweedish
6221,Russian,Russian
3382,French,French
4700,Dutch,English
3034,Portugeese,Portugeese
8809,Sweedish,Sweedish
9791,German,German
4111,French,French
7708,Italian,Italian
5558,Spanish,Spanish
1197,English,English
6615,Russian,Russian
3400,French,French
7300,Italian,Italian
1429,Malayalam,Malayalam
6547,Russian,Russian
6967,Danish,Danish
1153,English,English
5125,Spanish,Spanish
7910,Turkish,Turkish
4924,Spanish,Spanish
3101,Portugeese,Portugeese
7375,Italian,Italian
964,English,English
5840,Greek,Greek
6390,Russian,Russian
2823,Portugeese,Portugeese
3463,French,French
1483,Malayalam,Malayalam
5140,Spanish,Spanish
9258,Arabic,Arabic
7131,Italian,Italian
1426,Malayalam,Malayalam
3884,French,French
2178,Tamil,Tamil
6030,Russian,Russian
5993,Greek,Greek
1057,English,English
6569,Russian,Russian
8803,Sweedish,Sweedish
3869,French,French
8270,Turkish,Turkish
3934,French,French
8307,Sweedish,Sweedish
1544,Malayalam,Malayalam
3207,Portugeese,Portugeese
6756,Danish,Danish
4040,French,French
724,English,English
10201,Kannada,Kannada
5898,Greek,Greek
1127,English,English
6597,Russian,Russian
7785,Italian,Italian
8156,Turkish,Turkish
3464,French,French
5206,Spanish,Spanish
3015,Portugeese,Portugeese
6861,Danish,Danish
1561,Malayalam,Malayalam
3522,French,French
4984,Spanish,Spanish
9589,German,German
6685,Russian,Russian
5899,Greek,Greek
4932,Spanish,Spanish
4574,Dutch,Dutch
10298,Kannada,Kannada
4099,French,French
5837,Greek,Greek
4165,French,French
7684,Italian,Italian
6889,Danish,Danish
8563,Sweedish,Sweedish
5522,Spanish,Spanish
9815,German,German
1392,Malayalam,Malayalam
752,English,English
5572,Spanish,Spanish
2996,Portugeese,Portugeese
9963,German,German
9855,German,German
17,English,English
1770,Malayalam,Malayalam
1888,Malayalam,Malayalam
1642,Malayalam,Malayalam
132,English,English
8727,Sweedish,Sweedish
7682,Italian,French
3535,French,French
8294,Sweedish,Sweedish
1095,English,English
4696,Dutch,Dutch
5227,Spanish,Spanish
527,English,English
8903,Sweedish,Sweedish
2002,Hindi,Hindi
6758,Danish,Danish
168,English,English
6338,Russian,Russian
1919,Malayalam,Malayalam
701,English,English
5044,Spanish,Spanish
4957,Spanish,Spanish
10075,Kannada,Kannada
10003,Kannada,Kannada
9834,German,German
5363,Spanish,Spanish
772,English,English
1298,English,English
4333,Dutch,Dutch
1352,English,English
7487,Italian,Italian
7928,Turkish,Turkish
1287,English,English
2406,Tamil,Tamil
10312,Kannada,Kannada
8016,Turkish,Turkish
4345,Dutch,Dutch
2013,Hindi,Hindi
3994,French,French
7923,Turkish,Turkish
4695,Dutch,Dutch
9356,Arabic,Arabic
3397,French,French
2147,Tamil,Tamil
5092,Spanish,French
7194,Italian,Italian
4185,French,French
449,English,English
9067,Arabic,Arabic
5427,Spanish,Spanish
7652,Italian,Italian
810,English,English
5617,Spanish,Spanish
6977,Danish,Danish
9577,German,German
4610,Dutch,Dutch
7529,Italian,Italian
6323,Russian,Russian
9526,German,German
6607,Russian,Russian
1477,Malayalam,Malayalam
1790,Malayalam,Malayalam
4689,Dutch,Dutch
2008,Hindi,Hindi
682,English,English
6438,Russian,Russian
9232,Arabic,Arabic
4224,French,French
57,English,English
2412,Tamil,Tamil
5169,Spanish,Spanish
9675,German,German
9495,Arabic,Arabic
46,English,English
30,English,English
4514,Dutch,Dutch
6169,Russian,Russian
1468,Malayalam,Malayalam
1665,Malayalam,Malayalam
1416,Malayalam,Malayalam
8694,Sweedish,Sweedish
2358,Tamil,Tamil
2751,Portugeese,Portugeese
8883,Sweedish,Sweedish
7770,Italian,Italian
3131,Portugeese,Portugeese
429,English,English
5641,Greek,Greek
8920,Sweedish,Sweedish
385,English,English
1945,Malayalam,Malayalam
6876,Danish,Danish
7847,Turkish,Turkish
473,English,English
5843,Greek,Greek
8825,Sweedish,Sweedish
4775,Dutch,Dutch
7044,Danish,English
7510,Italian,Italian
1055,English,English
2281,Tamil,Tamil
7986,Turkish,Turkish
9196,Arabic,Arabic
2818,Portugeese,Portugeese
6247,Russian,Russian
3886,French,French
811,English,English
9726,German,German
2930,Portugeese,Portugeese
5491,Spanish,Spanish
4826,Spanish,Spanish
6689,Danish,Danish
111,English,English
9209,Arabic,Arabic
3742,French,French
1745,Malayalam,Malayalam
4818,Spanish,Spanish
1452,Malayalam,Malayalam
2149,Tamil,Tamil
319,English,English
6730,Danish,Danish
10273,Kannada,Kannada
1922,Malayalam,Malayalam
6479,Russian,Russian
8092,Turkish,Turkish
6535,Russian,Russian
9307,Arabic,Arabic
3166,Portugeese,Portugeese
2129,Tamil,Tamil
6948,Danish,Danish
5815,Greek,Greek
6723,Danish,Danish
2753,Portugeese,Portugeese
8014,Turkish,Turkish
6921,Danish,Danish
7452,Italian,Italian
1052,English,English
4454,Dutch,Dutch
4267,Dutch,Dutch
99,English,English
8970,Arabic,Arabic
1456,Malayalam,Malayalam
361,English,English
812,English,English
1092,English,English
3952,French,French
7717,Italian,Italian
4230,French,French
4593,Dutch,Dutch
6620,Russian,Russian
9410,Arabic,Arabic
5422,Spanish,Spanish
1414,Malayalam,Malayalam
540,English,English
7412,Italian,Italian
4273,Dutch,Dutch
1146,English,English
3125,Portugeese,Portugeese
754,English,English
6464,Russian,Russian
8864,Sweedish,Sweedish
7248,Italian,Italian
9837,German,German
8487,Sweedish,Sweedish
7454,Italian,Italian
8122,Turkish,Turkish
3231,Portugeese,Portugeese
6062,Russian,Russian
10316,Kannada,Kannada
8765,Sweedish,Sweedish
5795,Greek,Greek
6408,Russian,Russian
4718,Dutch,Dutch
6226,Russian,Russian
601,English,English
5358,Spanish,Spanish
9219,Arabic,Arabic
7180,Italian,Italian
8735,Sweedish,Sweedish
4246,French,French
5331,Spanish,Spanish
5070,Spanish,Spanish
1044,English,English
8769,Sweedish,Sweedish
1557,Malayalam,Malayalam
4196,French,French
4077,French,French
9664,German,German
180,English,English
4564,Dutch,Dutch
2115,Tamil,Tamil
1699,Malayalam,Malayalam
1379,English,English
2737,Portugeese,Portugeese
4860,Spanish,Spanish
7755,Italian,Italian
9899,German,German
618,English,English
3006,Portugeese,Portugeese
10181,Kannada,Kannada
1600,Malayalam,Malayalam
6400,Russian,Russian
1615,Malayalam,Malayalam
6647,Russian,Russian
438,English,English
4281,Dutch,Dutch
2083,Tamil,Tamil
3773,French,French
6394,Russian,Russian
5508,Spanish,Spanish
5885,Greek,Greek
5271,Spanish,Spanish
8984,Arabic,Arabic
4768,Dutch,Dutch
5376,Spanish,Spanish
8613,Sweedish,Sweedish
9812,German,German
1918,Malayalam,Malayalam
9306,Arabic,Arabic
6126,Russian,Russian
7176,Italian,Italian
4238,French,French
9185,Arabic,Arabic
2054,Tamil,Tamil
6790,Danish,Danish
9519,German,German
2362,Tamil,Tamil
2225,Tamil,Tamil
7609,Italian,German
1126,English,English
4692,Dutch,Dutch
8262,Turkish,Turkish
4313,Dutch,Dutch
3704,French,French
2444,Tamil,Tamil
9499,German,German
1322,English,English
1603,Malayalam,Malayalam
6826,Danish,Danish
7963,Turkish,Turkish
5792,Greek,Greek
5452,Spanish,Spanish
4734,Dutch,Dutch
5372,Spanish,Spanish
8355,Sweedish,Sweedish
9656,German,German
5257,Spanish,Spanish
1507,Malayalam,Malayalam
1559,Malayalam,Malayalam
5028,Spanish,Spanish
2611,Portugeese,Portugeese
8441,Sweedish,Sweedish
8106,Turkish,Turkish
9315,Arabic,Arabic
4381,Dutch,Dutch
4003,French,French
9712,German,German
1354,English,English
45,English,English
2542,Portugeese,Portugeese
5561,Spanish,Spanish
748,English,English
5202,Spanish,Spanish
5824,Greek,Greek
5894,Greek,Greek
5003,Spanish,Spanish
9335,Arabic,Arabic
4007,French,French
6532,Russian,Russian
6138,Russian,Russian
9343,Arabic,Arabic
2251,Tamil,Tamil
5767,Greek,Greek
3694,French,French
5303,Spanish,Spanish
4049,French,French
